inf,5.026800730927479453e+05,5.026800730927479453e+05,5.026800730927479453e+05,5.026800730927479453e+05,5.026800730927479453e+05,5.026800730927479453e+05,5.026800730927479453e+05,5.026800730927479453e+05
inf,3.371449904781667283e+05,3.371449904781667283e+05,3.371449904781667283e+05,3.371449904781667283e+05,3.371449904781667283e+05,3.371449904781667283e+05,3.371449904781667283e+05,3.371449904781667283e+05
inf,2.261825822190780018e+05,2.261825822190780018e+05,2.261825822190780018e+05,2.261825822190780018e+05,2.261825822190780018e+05,2.261825822190780018e+05,2.261825822190780018e+05,2.261825822190780018e+05
inf,1.518018312892862014e+05,1.518018312892862014e+05,1.518018312892862014e+05,1.518018312892862014e+05,1.518018312892862014e+05,1.518018312892862014e+05,1.518018312892862014e+05,1.518018312892862014e+05
inf,1.019427187176468578e+05,1.019427187176468578e+05,1.019427187176468578e+05,1.019427187176468578e+05,1.019427187176468578e+05,1.019427187176468578e+05,1.019427187176468578e+05,1.019427187176468578e+05
inf,6.852104437967331614e+04,6.852104437967331614e+04,6.852104437967331614e+04,6.852104437967331614e+04,6.852104437967331614e+04,6.852104437967331614e+04,6.852104437967331614e+04,6.852104437967331614e+04
inf,4.611774664285056497e+04,4.611774664285056497e+04,4.611774664285056497e+04,4.611774664285056497e+04,4.611774664285056497e+04,4.611774664285056497e+04,4.611774664285056497e+04,4.611774664285056497e+04
inf,3.110028883398447579e+04,3.110028883398447579e+04,3.110028883398447579e+04,3.110028883398447579e+04,3.110028883398447579e+04,3.110028883398447579e+04,3.110028883398447579e+04,3.110028883398447579e+04
inf,2.103368964401328776e+04,2.103368964401328776e+04,2.103368964401328776e+04,2.103368964401328776e+04,2.103368964401328776e+04,2.103368964401328776e+04,2.103368964401328776e+04,2.103368964401328776e+04
inf,1.428571736457084990e+04,1.428571736457084990e+04,1.428571736457084990e+04,1.428571736457084990e+04,1.428571736457084990e+04,1.428571736457084990e+04,1.428571736457084990e+04,1.428571736457084990e+04
inf,9.762241198899169831e+03,9.762241198899169831e+03,9.762241198899169831e+03,9.762241198899169831e+03,9.762241198899169831e+03,9.762241198899169831e+03,9.762241198899169831e+03,9.762241198899169831e+03
inf,6.729833519897245424e+03,6.729833519897245424e+03,6.729833519897245424e+03,6.729833519897245424e+03,6.729833519897245424e+03,6.729833519897245424e+03,6.729833519897245424e+03,6.729833519897245424e+03
inf,4.696863120532289940e+03,4.696863120532289940e+03,4.696863120532289940e+03,4.696863120532289940e+03,4.696863120532289940e+03,4.696863120532289940e+03,4.696863120532289940e+03,4.696863120532289940e+03
inf,3.333802825547884368e+03,3.333802825547884368e+03,3.333802825547884368e+03,3.333802825547884368e+03,3.333802825547884368e+03,3.333802825547884368e+03,3.333802825547884368e+03,3.333802825547884368e+03
inf,2.419830238700237260e+03,2.419830238700237260e+03,2.419830238700237260e+03,2.419830238700237260e+03,2.419830238700237260e+03,2.419830238700237260e+03,2.419830238700237260e+03,2.419830238700237260e+03
inf,1.807054545321725755e+03,1.807054545321725755e+03,1.807054545321725755e+03,1.807054545321725755e+03,1.807054545321725755e+03,1.807054545321725755e+03,1.807054545321725755e+03,1.807054545321725755e+03
inf,1.396542700935000084e+03,1.396542700935000084e+03,1.396542700935000084e+03,1.396542700935000084e+03,1.396542700935000084e+03,1.396542700935000084e+03,1.396542700935000084e+03,1.396542700935000084e+03
inf,1.122211651306101430e+03,1.122211651306101430e+03,1.122211651306101430e+03,1.122211651306101430e+03,1.122211651306101430e+03,1.122211651306101430e+03,1.122211651306101430e+03,1.122211651306101430e+03
inf,9.399244574051268728e+02,9.399244574051268728e+02,9.399244574051268728e+02,9.399244574051268728e+02,9.399244574051268728e+02,9.399244574051268728e+02,9.399244574051268728e+02,9.399244574051268728e+02
inf,8.200013645952436718e+02,8.200013645952436718e+02,8.200013645952436718e+02,8.200013645952436718e+02,8.200013645952436718e+02,8.200013645952436718e+02,8.200013645952436718e+02,8.200013645952436718e+02
inf,7.419730003944862347e+02,7.419730003944862347e+02,7.419730003944862347e+02,7.419730003944862347e+02,7.419730003944862347e+02,7.419730003944862347e+02,7.419730003944862347e+02,7.419730003944862347e+02
inf,6.908518136985865112e+02,6.908518136985865112e+02,6.908518136985865112e+02,6.908518136985865112e+02,6.908518136985865112e+02,6.908518136985865112e+02,6.908518136985865112e+02,6.908518136985865112e+02
inf,6.545598378098338799e+02,6.545598378098338799e+02,6.545598378098338799e+02,6.545598378098338799e+02,6.545598378098338799e+02,6.545598378098338799e+02,6.545598378098338799e+02,6.545598378098338799e+02
inf,6.224822741421493220e+02,6.224822741421493220e+02,6.224822741421493220e+02,6.224822741421493220e+02,6.224822741421493220e+02,6.224822741421493220e+02,6.224822741421493220e+02,6.224822741421493220e+02
inf,5.853450463449481731e+02,5.853450463449481731e+02,5.853450463449481731e+02,5.853450463449481731e+02,5.853450463449481731e+02,5.853450463449481731e+02,5.853450463449481731e+02,5.853450463449481731e+02
inf,5.364589478660025179e+02,5.364589478660025179e+02,5.364589478660025179e+02,5.364589478660025179e+02,5.364589478660025179e+02,5.364589478660025179e+02,5.364589478660025179e+02,5.364589478660025179e+02
inf,4.735981636672823925e+02,4.735981636672823925e+02,4.735981636672823925e+02,4.735981636672823925e+02,4.735981636672823925e+02,4.735981636672823925e+02,4.735981636672823925e+02,4.735981636672823925e+02
inf,3.998907632234796665e+02,3.998907632234796665e+02,3.998907632234796665e+02,3.998907632234796665e+02,3.998907632234796665e+02,3.998907632234796665e+02,3.998907632234796665e+02,3.998907632234796665e+02
inf,3.224054362290522704e+02,3.224054362290522704e+02,3.224054362290522704e+02,3.224054362290522704e+02,3.224054362290522704e+02,3.224054362290522704e+02,3.224054362290522704e+02,3.224054362290522704e+02
inf,2.489766984401332195e+02,2.489766984401332195e+02,2.489766984401332195e+02,2.489766984401332195e+02,2.489766984401332195e+02,2.489766984401332195e+02,2.489766984401332195e+02,2.489766984401332195e+02
inf,1.853223488930138387e+02,1.853223488930138387e+02,1.853223488930138387e+02,1.853223488930138387e+02,1.853223488930138387e+02,1.853223488930138387e+02,1.853223488930138387e+02,1.853223488930138387e+02
inf,1.339470385392351091e+02,1.339470385392351091e+02,1.339470385392351091e+02,1.339470385392351091e+02,1.339470385392351091e+02,1.339470385392351091e+02,1.339470385392351091e+02,1.339470385392351091e+02
inf,9.468095544782904938e+01,9.468095544782904938e+01,9.468095544782904938e+01,9.468095544782904938e+01,9.468095544782904938e+01,9.468095544782904938e+01,9.468095544782904938e+01,9.468095544782904938e+01
inf,6.584610428299629348e+01,6.584610428299629348e+01,6.584610428299629348e+01,6.584610428299629348e+01,6.584610428299629348e+01,6.584610428299629348e+01,6.584610428299629348e+01,6.584610428299629348e+01
inf,4.526682813429288643e+01,4.526682813429288643e+01,4.526682813429288643e+01,4.526682813429288643e+01,4.526682813429288643e+01,4.526682813429288643e+01,4.526682813429288643e+01,4.526682813429288643e+01
inf,3.086962014309886371e+01,3.086962014309886371e+01,3.086962014309886371e+01,3.086962014309886371e+01,3.086962014309886371e+01,3.086962014309886371e+01,3.086962014309886371e+01,3.086962014309886371e+01
inf,2.093504264894976430e+01,2.093504264894976430e+01,2.093504264894976430e+01,2.093504264894976430e+01,2.093504264894976430e+01,2.093504264894976430e+01,2.093504264894976430e+01,2.093504264894976430e+01
inf,1.414401135740968307e+01,1.414401135740968307e+01,1.414401135740968307e+01,1.414401135740968307e+01,1.414401135740968307e+01,1.414401135740968307e+01,1.414401135740968307e+01,1.414401135740968307e+01
inf,9.531386502210876799e+00,9.531386502210876799e+00,9.531386502210876799e+00,9.531386502210876799e+00,9.531386502210876799e+00,9.531386502210876799e+00,9.531386502210876799e+00,9.531386502210876799e+00
inf,6.411887589089341866e+00,6.411887589089341866e+00,6.411887589089341866e+00,6.411887589089341866e+00,6.411887589089341866e+00,6.411887589089341866e+00,6.411887589089341866e+00,6.411887589089341866e+00
inf,4.308318156968089951e+00,4.308318156968089951e+00,4.308318156968089951e+00,4.308318156968089951e+00,4.308318156968089951e+00,4.308318156968089951e+00,4.308318156968089951e+00,4.308318156968089951e+00
inf,2.892596790361770420e+00,2.892596790361770420e+00,2.892596790361770420e+00,2.892596790361770420e+00,2.892596790361770420e+00,2.892596790361770420e+00,2.892596790361770420e+00,2.892596790361770420e+00
inf,1.941057497188095615e+00,1.941057497188095615e+00,1.941057497188095615e+00,1.941057497188095615e+00,1.941057497188095615e+00,1.941057497188095615e+00,1.941057497188095615e+00,1.941057497188095615e+00
inf,1.302071161173972147e+00,1.302071161173972147e+00,1.302071161173972147e+00,1.302071161173972147e+00,1.302071161173972147e+00,1.302071161173972147e+00,1.302071161173972147e+00,1.302071161173972147e+00
inf,8.732278460784124174e-01,8.732278460784124174e-01,8.732278460784124174e-01,8.732278460784124174e-01,8.732278460784124174e-01,8.732278460784124174e-01,8.732278460784124174e-01,8.732278460784124174e-01
inf,5.855325296806963564e-01,5.855325296806963564e-01,5.855325296806963564e-01,5.855325296806963564e-01,5.855325296806963564e-01,5.855325296806963564e-01,5.855325296806963564e-01,5.855325296806963564e-01
inf,3.925797845683616227e-01,3.925797845683616227e-01,3.925797845683616227e-01,3.925797845683616227e-01,3.925797845683616227e-01,3.925797845683616227e-01,3.925797845683616227e-01,3.925797845683616227e-01
inf,2.631925704918302578e-01,2.631925704918302578e-01,2.631925704918302578e-01,2.631925704918302578e-01,2.631925704918302578e-01,2.631925704918302578e-01,2.631925704918302578e-01,2.631925704918302578e-01
inf,1.764405458568009122e-01,1.764405458568009122e-01,1.764405458568009122e-01,1.764405458568009122e-01,1.764405458568009122e-01,1.764405458568009122e-01,1.764405458568009122e-01,1.764405458568009122e-01
inf,1.182794047691146794e-01,1.182794047691146794e-01,1.182794047691146794e-01,1.182794047691146794e-01,1.182794047691146794e-01,1.182794047691146794e-01,1.182794047691146794e-01,1.182794047691146794e-01
inf,7.928854764392295751e-02,7.928854764392295751e-02,7.928854764392295751e-02,7.928854764392295751e-02,7.928854764392295751e-02,7.928854764392295751e-02,7.928854764392295751e-02,7.928854764392295751e-02
inf,5.315027188092929372e-02,5.315027188092929372e-02,5.315027188092929372e-02,5.315027188092929372e-02,5.315027188092929372e-02,5.315027188092929372e-02,5.315027188092929372e-02,5.315027188092929372e-02
inf,3.562839770963342756e-02,3.562839770963342756e-02,3.562839770963342756e-02,3.562839770963342756e-02,3.562839770963342756e-02,3.562839770963342756e-02,3.562839770963342756e-02,3.562839770963342756e-02
inf,2.388274598588550901e-02,2.388274598588550901e-02,2.388274598588550901e-02,2.388274598588550901e-02,2.388274598588550901e-02,2.388274598588550901e-02,2.388274598588550901e-02,2.388274598588550901e-02
inf,1.600922573570934954e-02,1.600922573570934954e-02,1.600922573570934954e-02,1.600922573570934954e-02,1.600922573570934954e-02,1.600922573570934954e-02,1.600922573570934954e-02,1.600922573570934954e-02
inf,1.073136889360428239e-02,1.073136889360428239e-02,1.073136889360428239e-02,1.073136889360428239e-02,1.073136889360428239e-02,1.073136889360428239e-02,1.073136889360428239e-02,1.073136889360428239e-02
inf,7.193480430765306598e-03,7.193480430765306598e-03,7.193480430765306598e-03,7.193480430765306598e-03,7.193480430765306598e-03,7.193480430765306598e-03,7.193480430765306598e-03,7.193480430765306598e-03
inf,4.821947047286577470e-03,4.821947047286577470e-03,4.821947047286577470e-03,4.821947047286577470e-03,4.821947047286577470e-03,4.821947047286577470e-03,4.821947047286577470e-03,4.821947047286577470e-03
inf,3.232253569276215613e-03,3.232253569276215613e-03,3.232253569276215613e-03,3.232253569276215613e-03,3.232253569276215613e-03,3.232253569276215613e-03,3.232253569276215613e-03,3.232253569276215613e-03
inf,2.166646968620054327e-03,2.166646968620054327e-03,2.166646968620054327e-03,2.166646968620054327e-03,2.166646968620054327e-03,2.166646968620054327e-03,2.166646968620054327e-03,2.166646968620054327e-03
inf,1.452348067269621738e-03,1.452348067269621738e-03,1.452348067269621738e-03,1.452348067269621738e-03,1.452348067269621738e-03,1.452348067269621738e-03,1.452348067269621738e-03,1.452348067269621738e-03
inf,9.735385497109997309e-04,9.735385497109997309e-04,9.735385497109997309e-04,9.735385497109997309e-04,9.735385497109997309e-04,9.735385497109997309e-04,9.735385497109997309e-04,9.735385497109997309e-04
inf,6.525826419862665231e-04,6.525826419862665231e-04,6.525826419862665231e-04,6.525826419862665231e-04,6.525826419862665231e-04,6.525826419862665231e-04,6.525826419862665231e-04,6.525826419862665231e-04
inf,4.374393328965703060e-04,4.374393328965703060e-04,4.374393328965703060e-04,4.374393328965703060e-04,4.374393328965703060e-04,4.374393328965703060e-04,4.374393328965703060e-04,4.374393328965703060e-04
inf,2.932244015189497855e-04,2.932244015189497855e-04,2.932244015189497855e-04,2.932244015189497855e-04,2.932244015189497855e-04,2.932244015189497855e-04,2.932244015189497855e-04,2.932244015189497855e-04
inf,1.965542157821800089e-04,1.965542157821800089e-04,1.965542157821800089e-04,1.965542157821800089e-04,1.965542157821800089e-04,1.965542157821800089e-04,1.965542157821800089e-04,1.965542157821800089e-04
inf,1.317542406129655998e-04,1.317542406129655998e-04,1.317542406129655998e-04,1.317542406129655998e-04,1.317542406129655998e-04,1.317542406129655998e-04,1.317542406129655998e-04,1.317542406129655998e-04
inf,8.831751296521365611e-05,8.831751296521365611e-05,8.831751296521365611e-05,8.831751296521365611e-05,8.831751296521365611e-05,8.831751296521365611e-05,8.831751296521365611e-05,8.831751296521365611e-05
inf,5.920100130315192691e-05,5.920100130315192691e-05,5.920100130315192691e-05,5.920100130315192691e-05,5.920100130315192691e-05,5.920100130315192691e-05,5.920100130315192691e-05,5.920100130315192691e-05
inf,3.968361879352866431e-05,3.968361879352866431e-05,3.968361879352866431e-05,3.968361879352866431e-05,3.968361879352866431e-05,3.968361879352866431e-05,3.968361879352866431e-05,3.968361879352866431e-05
inf,2.660072556954171062e-05,2.660072556954171062e-05,2.660072556954171062e-05,2.660072556954171062e-05,2.660072556954171062e-05,2.660072556954171062e-05,2.660072556954171062e-05,2.660072556954171062e-05
inf,1.783099976494438544e-05,1.783099976494438544e-05,1.783099976494438544e-05,1.783099976494438544e-05,1.783099976494438544e-05,1.783099976494438544e-05,1.783099976494438544e-05,1.783099976494438544e-05
inf,1.195247666264485270e-05,1.195247666264485270e-05,1.195247666264485270e-05,1.195247666264485270e-05,1.195247666264485270e-05,1.195247666264485270e-05,1.195247666264485270e-05,1.195247666264485270e-05
inf,8.011984742396494042e-06,8.011984742396494042e-06,8.011984742396494042e-06,8.011984742396494042e-06,8.011984742396494042e-06,8.011984742396494042e-06,8.011984742396494042e-06,8.011984742396494042e-06
inf,5.370593997379698630e-06,5.370593997379698630e-06,5.370593997379698630e-06,5.370593997379698630e-06,5.370593997379698630e-06,5.370593997379698630e-06,5.370593997379698630e-06,5.370593997379698630e-06
inf,3.600016822760367585e-06,3.600016822760367585e-06,3.600016822760367585e-06,3.600016822760367585e-06,3.600016822760367585e-06,3.600016822760367585e-06,3.600016822760367585e-06,3.600016822760367585e-06
inf,2.413163445596142100e-06,2.413163445596142100e-06,2.413163445596142100e-06,2.413163445596142100e-06,2.413163445596142100e-06,2.413163445596142100e-06,2.413163445596142100e-06,2.413163445596142100e-06
inf,1.617591833396789090e-06,1.617591833396789090e-06,1.617591833396789090e-06,1.617591833396789090e-06,1.617591833396789090e-06,1.617591833396789090e-06,1.617591833396789090e-06,1.617591833396789090e-06
inf,1.084304232882416942e-06,1.084304232882416942e-06,1.084304232882416942e-06,1.084304232882416942e-06,1.084304232882416942e-06,1.084304232882416942e-06,1.084304232882416942e-06,1.084304232882416942e-06
inf,7.268308635957859397e-07,7.268308635957859397e-07,7.268308635957859397e-07,7.268308635957859397e-07,7.268308635957859397e-07,7.268308635957859397e-07,7.268308635957859397e-07,7.268308635957859397e-07
inf,4.872092980774860721e-07,4.872092980774860721e-07,4.872092980774860721e-07,4.872092980774860721e-07,4.872092980774860721e-07,4.872092980774860721e-07,4.872092980774860721e-07,4.872092980774860721e-07
inf,3.265861591755332363e-07,3.265861591755332363e-07,3.265861591755332363e-07,3.265861591755332363e-07,3.265861591755332363e-07,3.265861591755332363e-07,3.265861591755332363e-07,3.265861591755332363e-07
inf,2.189172492797624663e-07,2.189172492797624663e-07,2.189172492797624663e-07,2.189172492797624663e-07,2.189172492797624663e-07,2.189172492797624663e-07,2.189172492797624663e-07,2.189172492797624663e-07
inf,1.467446206271671818e-07,1.467446206271671818e-07,1.467446206271671818e-07,1.467446206271671818e-07,1.467446206271671818e-07,1.467446206271671818e-07,1.467446206271671818e-07,1.467446206271671818e-07
inf,9.836586085965850657e-08,9.836586085965850657e-08,9.836586085965850657e-08,9.836586085965850657e-08,9.836586085965850657e-08,9.836586085965850657e-08,9.836586085965850657e-08,9.836586085965850657e-08
inf,6.593660838219596732e-08,6.593660838219596732e-08,6.593660838219596732e-08,6.593660838219596732e-08,6.593660838219596732e-08,6.593660838219596732e-08,6.593660838219596732e-08,6.593660838219596732e-08
inf,4.419863036727284281e-08,4.419863036727284281e-08,4.419863036727284281e-08,4.419863036727284281e-08,4.419863036727284281e-08,4.419863036727284281e-08,4.419863036727284281e-08,4.419863036727284281e-08
inf,2.962722794298990924e-08,2.962722794298990924e-08,2.962722794298990924e-08,2.962722794298990924e-08,2.962722794298990924e-08,2.962722794298990924e-08,2.962722794298990924e-08,2.962722794298990924e-08
inf,1.985972479887260455e-08,1.985972479887260455e-08,1.985972479887260455e-08,1.985972479887260455e-08,1.985972479887260455e-08,1.985972479887260455e-08,1.985972479887260455e-08,1.985972479887260455e-08
inf,1.331237164153376561e-08,1.331237164153376561e-08,1.331237164153376561e-08,1.331237164153376561e-08,1.331237164153376561e-08,1.331237164153376561e-08,1.331237164153376561e-08,1.331237164153376561e-08
inf,8.923549571640626935e-09,8.923549571640626935e-09,8.923549571640626935e-09,8.923549571640626935e-09,8.923549571640626935e-09,8.923549571640626935e-09,8.923549571640626935e-09,8.923549571640626935e-09
inf,5.981634159683377672e-09,5.981634159683377672e-09,5.981634159683377672e-09,5.981634159683377672e-09,5.981634159683377672e-09,5.981634159683377672e-09,5.981634159683377672e-09,5.981634159683377672e-09
inf,4.009609285296218952e-09,4.009609285296218952e-09,4.009609285296218952e-09,4.009609285296218952e-09,4.009609285296218952e-09,4.009609285296218952e-09,4.009609285296218952e-09,4.009609285296218952e-09
inf,2.687721480708724085e-09,2.687721480708724085e-09,2.687721480708724085e-09,2.687721480708724085e-09,2.687721480708724085e-09,2.687721480708724085e-09,2.687721480708724085e-09,2.687721480708724085e-09
inf,1.801633586681441730e-09,1.801633586681441730e-09,1.801633586681441730e-09,1.801633586681441730e-09,1.801633586681441730e-09,1.801633586681441730e-09,1.801633586681441730e-09,1.801633586681441730e-09
inf,1.207671108764460595e-09,1.207671108764460595e-09,1.207671108764460595e-09,1.207671108764460595e-09,1.207671108764460595e-09,1.207671108764460595e-09,1.207671108764460595e-09,1.207671108764460595e-09
inf,8.095261532232757356e-10,8.095261532232757356e-10,8.095261532232757356e-10,8.095261532232757356e-10,8.095261532232757356e-10,8.095261532232757356e-10,8.095261532232757356e-10,8.095261532232757356e-10
inf,5.426416082958407816e-10,5.426416082958407816e-10,5.426416082958407816e-10,5.426416082958407816e-10,5.426416082958407816e-10,5.426416082958407816e-10,5.426416082958407816e-10,5.426416082958407816e-10
inf,3.637435478537978771e-10,3.637435478537978771e-10,3.637435478537978771e-10,3.637435478537978771e-10,3.637435478537978771e-10,3.637435478537978771e-10,3.637435478537978771e-10,3.637435478537978771e-10
inf,2.438245917425561182e-10,2.438245917425561182e-10,2.438245917425561182e-10,2.438245917425561182e-10,2.438245917425561182e-10,2.438245917425561182e-10,2.438245917425561182e-10,2.438245917425561182e-10
inf,1.634405115615051901e-10,1.634405115615051901e-10,1.634405115615051901e-10,1.634405115615051901e-10,1.634405115615051901e-10,1.634405115615051901e-10,1.634405115615051901e-10,1.634405115615051901e-10
inf,1.095574512340041507e-10,1.095574512340041507e-10,1.095574512340041507e-10,1.095574512340041507e-10,1.095574512340041507e-10,1.095574512340041507e-10,1.095574512340041507e-10,1.095574512340041507e-10
inf,7.343855575472752018e-11,7.343855575472752018e-11,7.343855575472752018e-11,7.343855575472752018e-11,7.343855575472752018e-11,7.343855575472752018e-11,7.343855575472752018e-11,7.343855575472752018e-11
inf,4.922733607430159652e-11,4.922733607430159652e-11,4.922733607430159652e-11,4.922733607430159652e-11,4.922733607430159652e-11,4.922733607430159652e-11,4.922733607430159652e-11,4.922733607430159652e-11
inf,3.299807018353814280e-11,3.299807018353814280e-11,3.299807018353814280e-11,3.299807018353814280e-11,3.299807018353814280e-11,3.299807018353814280e-11,3.299807018353814280e-11,3.299807018353814280e-11
inf,2.211926792451669401e-11,2.211926792451669401e-11,2.211926792451669401e-11,2.211926792451669401e-11,2.211926792451669401e-11,2.211926792451669401e-11,2.211926792451669401e-11,2.211926792451669401e-11
inf,1.482698869343692816e-11,1.482698869343692816e-11,1.482698869343692816e-11,1.482698869343692816e-11,1.482698869343692816e-11,1.482698869343692816e-11,1.482698869343692816e-11,1.482698869343692816e-11
inf,9.938827743554537868e-12,9.938827743554537868e-12,9.938827743554537868e-12,9.938827743554537868e-12,9.938827743554537868e-12,9.938827743554537868e-12,9.938827743554537868e-12,9.938827743554537868e-12
inf,6.662195470599849324e-12,6.662195470599849324e-12,6.662195470599849324e-12,6.662195470599849324e-12,6.662195470599849324e-12,6.662195470599849324e-12,6.662195470599849324e-12,6.662195470599849324e-12
inf,4.465803174550904773e-12,4.465803174550904773e-12,4.465803174550904773e-12,4.465803174550904773e-12,4.465803174550904773e-12,4.465803174550904773e-12,4.465803174550904773e-12,4.465803174550904773e-12
inf,2.993517389551054164e-12,2.993517389551054164e-12,2.993517389551054164e-12,2.993517389551054164e-12,2.993517389551054164e-12,2.993517389551054164e-12,2.993517389551054164e-12,2.993517389551054164e-12
inf,2.006614714372369324e-12,2.006614714372369324e-12,2.006614714372369324e-12,2.006614714372369324e-12,2.006614714372369324e-12,2.006614714372369324e-12,2.006614714372369324e-12,2.006614714372369324e-12
inf,1.345074067713870827e-12,1.345074067713870827e-12,1.345074067713870827e-12,1.345074067713870827e-12,1.345074067713870827e-12,1.345074067713870827e-12,1.345074067713870827e-12,1.345074067713870827e-12
inf,9.016301109913144800e-13,9.016301109913144800e-13,9.016301109913144800e-13,9.016301109913144800e-13,9.016301109913144800e-13,9.016301109913144800e-13,9.016301109913144800e-13,9.016301109913144800e-13
inf,6.043807375068133522e-13,6.043807375068133522e-13,6.043807375068133522e-13,6.043807375068133522e-13,6.043807375068133522e-13,6.043807375068133522e-13,6.043807375068133522e-13,6.043807375068133522e-13
inf,4.051285237886184470e-13,4.051285237886184470e-13,4.051285237886184470e-13,4.051285237886184470e-13,4.051285237886184470e-13,4.051285237886184470e-13,4.051285237886184470e-13,4.051285237886184470e-13
inf,2.715657707163396370e-13,2.715657707163396370e-13,2.715657707163396370e-13,2.715657707163396370e-13,2.715657707163396370e-13,2.715657707163396370e-13,2.715657707163396370e-13,2.715657707163396370e-13
inf,1.820359799282796610e-13,1.820359799282796610e-13,1.820359799282796610e-13,1.820359799282796610e-13,1.820359799282796610e-13,1.820359799282796610e-13,1.820359799282796610e-13,1.820359799282796610e-13
inf,1.220223664456681773e-13,1.220223664456681773e-13,1.220223664456681773e-13,1.220223664456681773e-13,1.220223664456681773e-13,1.220223664456681773e-13,1.220223664456681773e-13,1.220223664456681773e-13
inf,8.179403829323746117e-14,8.179403829323746117e-14,8.179403829323746117e-14,8.179403829323746117e-14,8.179403829323746117e-14,8.179403829323746117e-14,8.179403829323746117e-14,8.179403829323746117e-14
inf,5.482818351416350569e-14,5.482818351416350569e-14,5.482818351416350569e-14,5.482818351416350569e-14,5.482818351416350569e-14,5.482818351416350569e-14,5.482818351416350569e-14,5.482818351416350569e-14
inf,3.675243049726487629e-14,3.675243049726487629e-14,3.675243049726487629e-14,3.675243049726487629e-14,3.675243049726487629e-14,3.675243049726487629e-14,3.675243049726487629e-14,3.675243049726487629e-14
inf,2.463589090284808240e-14,2.463589090284808240e-14,2.463589090284808240e-14,2.463589090284808240e-14,2.463589090284808240e-14,2.463589090284808240e-14,2.463589090284808240e-14,2.463589090284808240e-14
inf,1.651393152412625631e-14,1.651393152412625631e-14,1.651393152412625631e-14,1.651393152412625631e-14,1.651393152412625631e-14,1.651393152412625631e-14,1.651393152412625631e-14,1.651393152412625631e-14
inf,1.106961933948164376e-14,1.106961933948164376e-14,1.106961933948164376e-14,1.106961933948164376e-14,1.106961933948164376e-14,1.106961933948164376e-14,1.106961933948164376e-14,1.106961933948164376e-14
inf,7.420187745238295940e-15,7.420187745238295940e-15,7.420187745238295940e-15,7.420187745238295940e-15,7.420187745238295940e-15,7.420187745238295940e-15,7.420187745238295940e-15,7.420187745238295940e-15
inf,4.973900590981263800e-15,4.973900590981263800e-15,4.973900590981263800e-15,4.973900590981263800e-15,4.973900590981263800e-15,4.973900590981263800e-15,4.973900590981263800e-15,4.973900590981263800e-15
inf,3.334105273123235337e-15,3.334105273123235337e-15,3.334105273123235337e-15,3.334105273123235337e-15,3.334105273123235337e-15,3.334105273123235337e-15,3.334105273123235337e-15,3.334105273123235337e-15
inf,2.234917600167653921e-15,2.234917600167653921e-15,2.234917600167653921e-15,2.234917600167653921e-15,2.234917600167653921e-15,2.234917600167653921e-15,2.234917600167653921e-15,2.234917600167653921e-15
inf,1.498110068630233943e-15,1.498110068630233943e-15,1.498110068630233943e-15,1.498110068630233943e-15,1.498110068630233943e-15,1.498110068630233943e-15,1.498110068630233943e-15,1.498110068630233943e-15
inf,1.004213210170667312e-15,1.004213210170667312e-15,1.004213210170667312e-15,1.004213210170667312e-15,1.004213210170667312e-15,1.004213210170667312e-15,1.004213210170667312e-15,1.004213210170667312e-15
inf,6.731442452712045155e-16,6.731442452712045155e-16,6.731442452712045155e-16,6.731442452712045155e-16,6.731442452712045155e-16,6.731442452712045155e-16,6.731442452712045155e-16,6.731442452712045155e-16
inf,4.512220814788169780e-16,4.512220814788169780e-16,4.512220814788169780e-16,4.512220814788169780e-16,4.512220814788169780e-16,4.512220814788169780e-16,4.512220814788169780e-16,4.512220814788169780e-16
inf,3.024632064291801431e-16,3.024632064291801431e-16,3.024632064291801431e-16,3.024632064291801431e-16,3.024632064291801431e-16,3.024632064291801431e-16,3.024632064291801431e-16,3.024632064291801431e-16
inf,2.027471504576939530e-16,2.027471504576939530e-16,2.027471504576939530e-16,2.027471504576939530e-16,2.027471504576939530e-16,2.027471504576939530e-16,2.027471504576939530e-16,2.027471504576939530e-16
inf,1.359054792283953274e-16,1.359054792283953274e-16,1.359054792283953274e-16,1.359054792283953274e-16,1.359054792283953274e-16,1.359054792283953274e-16,1.359054792283953274e-16,1.359054792283953274e-16
inf,9.110016709287435770e-17,9.110016709287435770e-17,9.110016709287435770e-17,9.110016709287435770e-17,9.110016709287435770e-17,9.110016709287435770e-17,9.110016709287435770e-17,9.110016709287435770e-17
inf,6.106626819954961685e-17,6.106626819954961685e-17,6.106626819954961685e-17,6.106626819954961685e-17,6.106626819954961685e-17,6.106626819954961685e-17,6.106626819954961685e-17,6.106626819954961685e-17
inf,4.093394371074714926e-17,4.093394371074714926e-17,4.093394371074714926e-17,4.093394371074714926e-17,4.093394371074714926e-17,4.093394371074714926e-17,4.093394371074714926e-17,4.093394371074714926e-17
inf,2.743884303260813996e-17,2.743884303260813996e-17,2.743884303260813996e-17,2.743884303260813996e-17,2.743884303260813996e-17,2.743884303260813996e-17,2.743884303260813996e-17,2.743884303260813996e-17
inf,1.839280652478246630e-17,1.839280652478246630e-17,1.839280652478246630e-17,1.839280652478246630e-17,1.839280652478246630e-17,1.839280652478246630e-17,1.839280652478246630e-17,1.839280652478246630e-17
inf,1.232906691641689228e-17,1.232906691641689228e-17,1.232906691641689228e-17,1.232906691641689228e-17,1.232906691641689228e-17,1.232906691641689228e-17,1.232906691641689228e-17,1.232906691641689228e-17
inf,8.264420702989004539e-18,8.264420702989004539e-18,8.264420702989004539e-18,8.264420702989004539e-18,8.264420702989004539e-18,8.264420702989004539e-18,8.264420702989004539e-18,8.264420702989004539e-18
inf,5.539806866085526544e-18,5.539806866085526544e-18,5.539806866085526544e-18,5.539806866085526544e-18,5.539806866085526544e-18,5.539806866085526544e-18,5.539806866085526544e-18,5.539806866085526544e-18
inf,3.713443593502978363e-18,3.713443593502978363e-18,3.713443593502978363e-18,3.713443593502978363e-18,3.713443593502978363e-18,3.713443593502978363e-18,3.713443593502978363e-18,3.713443593502978363e-18
inf,2.489195680547652805e-18,2.489195680547652805e-18,2.489195680547652805e-18,2.489195680547652805e-18,2.489195680547652805e-18,2.489195680547652805e-18,2.489195680547652805e-18,2.489195680547652805e-18
inf,1.668557763176431275e-18,1.668557763176431275e-18,1.668557763176431275e-18,1.668557763176431275e-18,1.668557763176431275e-18,1.668557763176431275e-18,1.668557763176431275e-18,1.668557763176431275e-18
inf,1.118467716625542477e-18,1.118467716625542477e-18,1.118467716625542477e-18,1.118467716625542477e-18,1.118467716625542477e-18,1.118467716625542477e-18,1.118467716625542477e-18,1.118467716625542477e-18
inf,7.497313312978165568e-19,7.497313312978165568e-19,7.497313312978165568e-19,7.497313312978165568e-19,7.497313312978165568e-19,7.497313312978165568e-19,7.497313312978165568e-19,7.497313312978165568e-19
inf,5.025599405099105678e-19,5.025599405099105678e-19,5.025599405099105678e-19,5.025599405099105678e-19,5.025599405099105678e-19,5.025599405099105678e-19,5.025599405099105678e-19,5.025599405099105678e-19
inf,3.368760024582694818e-19,3.368760024582694818e-19,3.368760024582694818e-19,3.368760024582694818e-19,3.368760024582694818e-19,3.368760024582694818e-19,3.368760024582694818e-19,3.368760024582694818e-19
inf,2.258147374761312308e-19,2.258147374761312308e-19,2.258147374761312308e-19,2.258147374761312308e-19,2.258147374761312308e-19,2.258147374761312308e-19,2.258147374761312308e-19,2.258147374761312308e-19
inf,1.513681452205252570e-19,1.513681452205252570e-19,1.513681452205252570e-19,1.513681452205252570e-19,1.513681452205252570e-19,1.513681452205252570e-19,1.513681452205252570e-19,1.513681452205252570e-19
inf,1.014651020725526977e-19,1.014651020725526977e-19,1.014651020725526977e-19,1.014651020725526977e-19,1.014651020725526977e-19,1.014651020725526977e-19,1.014651020725526977e-19,1.014651020725526977e-19
inf,6.801409189228396570e-20,6.801409189228396570e-20,6.801409189228396570e-20,6.801409189228396570e-20,6.801409189228396570e-20,6.801409189228396570e-20,6.801409189228396570e-20,6.801409189228396570e-20
inf,4.559120920830773221e-20,4.559120920830773221e-20,4.559120920830773221e-20,4.559120920830773221e-20,4.559120920830773221e-20,4.559120920830773221e-20,4.559120920830773221e-20,4.559120920830773221e-20
inf,3.056070145533356175e-20,3.056070145533356175e-20,3.056070145533356175e-20,3.056070145533356175e-20,3.056070145533356175e-20,3.056070145533356175e-20,3.056070145533356175e-20,3.056070145533356175e-20
inf,2.048545080642050463e-20,2.048545080642050463e-20,2.048545080642050463e-20,2.048545080642050463e-20,2.048545080642050463e-20,2.048545080642050463e-20,2.048545080642050463e-20,2.048545080642050463e-20
inf,1.373180832762073573e-20,1.373180832762073573e-20,1.373180832762073573e-20,1.373180832762073573e-20,1.373180832762073573e-20,1.373180832762073573e-20,1.373180832762073573e-20,1.373180832762073573e-20
inf,9.204706390323255153e-21,9.204706390323255153e-21,9.204706390323255153e-21,9.204706390323255153e-21,9.204706390323255153e-21,9.204706390323255153e-21,9.204706390323255153e-21,9.204706390323255153e-21
inf,6.170099211305992086e-21,6.170099211305992086e-21,6.170099211305992086e-21,6.170099211305992086e-21,6.170099211305992086e-21,6.170099211305992086e-21,6.170099211305992086e-21,6.170099211305992086e-21
inf,4.135941187367129679e-21,4.135941187367129679e-21,4.135941187367129679e-21,4.135941187367129679e-21,4.135941187367129679e-21,4.135941187367129679e-21,4.135941187367129679e-21,4.135941187367129679e-21
inf,2.772404287116615287e-21,2.772404287116615287e-21,2.772404287116615287e-21,2.772404287116615287e-21,2.772404287116615287e-21,2.772404287116615287e-21,2.772404287116615287e-21,2.772404287116615287e-21
inf,1.858398169369402484e-21,1.858398169369402484e-21,1.858398169369402484e-21,1.858398169369402484e-21,1.858398169369402484e-21,1.858398169369402484e-21,1.858398169369402484e-21,1.858398169369402484e-21
inf,1.245721546444256265e-21,1.245721546444256265e-21,1.245721546444256265e-21,1.245721546444256265e-21,1.245721546444256265e-21,1.245721546444256265e-21,1.245721546444256265e-21,1.245721546444256265e-21
inf,8.350321243600969157e-22,8.350321243600969157e-22,8.350321243600969157e-22,8.350321243600969157e-22,8.350321243600969157e-22,8.350321243600969157e-22,8.350321243600969157e-22,8.350321243600969157e-22
inf,5.597387720423026662e-22,5.597387720423026662e-22,5.597387720423026662e-22,5.597387720423026662e-22,5.597387720423026662e-22,5.597387720423026662e-22,5.597387720423026662e-22,5.597387720423026662e-22
inf,3.752041194433264013e-22,3.752041194433264013e-22,3.752041194433264013e-22,3.752041194433264013e-22,3.752041194433264013e-22,3.752041194433264013e-22,3.752041194433264013e-22,3.752041194433264013e-22
inf,2.515068426180106988e-22,2.515068426180106988e-22,2.515068426180106988e-22,2.515068426180106988e-22,2.515068426180106988e-22,2.515068426180106988e-22,2.515068426180106988e-22,2.515068426180106988e-22
inf,1.685900783219846083e-22,1.685900783219846083e-22,1.685900783219846083e-22,1.685900783219846083e-22,1.685900783219846083e-22,1.685900783219846083e-22,1.685900783219846083e-22,1.685900783219846083e-22
inf,1.130093090619441048e-22,1.130093090619441048e-22,1.130093090619441048e-22,1.130093090619441048e-22,1.130093090619441048e-22,1.130093090619441048e-22,1.130093090619441048e-22,1.130093090619441048e-22
inf,7.575240525285882226e-23,7.575240525285882226e-23,7.575240525285882226e-23,7.575240525285882226e-23,7.575240525285882226e-23,7.575240525285882226e-23,7.575240525285882226e-23,7.575240525285882226e-23
inf,5.077835577640644198e-23,5.077835577640644198e-23,5.077835577640644198e-23,5.077835577640644198e-23,5.077835577640644198e-23,5.077835577640644198e-23,5.077835577640644198e-23,5.077835577640644198e-23
inf,3.403774978165464212e-23,3.403774978165464212e-23,3.403774978165464212e-23,3.403774978165464212e-23,3.403774978165464212e-23,3.403774978165464212e-23,3.403774978165464212e-23,3.403774978165464212e-23
inf,2.281618600058850162e-23,2.281618600058850162e-23,2.281618600058850162e-23,2.281618600058850162e-23,2.281618600058850162e-23,2.281618600058850162e-23,2.281618600058850162e-23,2.281618600058850162e-23
inf,1.529414685027210872e-23,1.529414685027210872e-23,1.529414685027210872e-23,1.529414685027210872e-23,1.529414685027210872e-23,1.529414685027210872e-23,1.529414685027210872e-23,1.529414685027210872e-23
inf,1.025197322075031662e-23,1.025197322075031662e-23,1.025197322075031662e-23,1.025197322075031662e-23,1.025197322075031662e-23,1.025197322075031662e-23,1.025197322075031662e-23,1.025197322075031662e-23
inf,6.872103161289453577e-24,6.872103161289453577e-24,6.872103161289453577e-24,6.872103161289453577e-24,6.872103161289453577e-24,6.872103161289453577e-24,6.872103161289453577e-24,6.872103161289453577e-24
inf,4.606508507437183457e-24,4.606508507437183457e-24,4.606508507437183457e-24,4.606508507437183457e-24,4.606508507437183457e-24,4.606508507437183457e-24,4.606508507437183457e-24,4.606508507437183457e-24
inf,3.087834994768882571e-24,3.087834994768882571e-24,3.087834994768882571e-24,3.087834994768882571e-24,3.087834994768882571e-24,3.087834994768882571e-24,3.087834994768882571e-24,3.087834994768882571e-24
inf,2.069837695843923713e-24,2.069837695843923713e-24,2.069837695843923713e-24,2.069837695843923713e-24,2.069837695843923713e-24,2.069837695843923713e-24,2.069837695843923713e-24,2.069837695843923713e-24
inf,1.387453699564412329e-24,1.387453699564412329e-24,1.387453699564412329e-24,1.387453699564412329e-24,1.387453699564412329e-24,1.387453699564412329e-24,1.387453699564412329e-24,1.387453699564412329e-24
inf,9.300380277643296105e-25,9.300380277643296105e-25,9.300380277643296105e-25,9.300380277643296105e-25,9.300380277643296105e-25,9.300380277643296105e-25,9.300380277643296105e-25,9.300380277643296105e-25
inf,6.234231335858770699e-25,6.234231335858770699e-25,6.234231335858770699e-25,6.234231335858770699e-25,6.234231335858770699e-25,6.234231335858770699e-25,6.234231335858770699e-25,6.234231335858770699e-25
inf,4.178930236049712306e-25,4.178930236049712306e-25,4.178930236049712306e-25,4.178930236049712306e-25,4.178930236049712306e-25,4.178930236049712306e-25,4.178930236049712306e-25,4.178930236049712306e-25
inf,2.801220708208552468e-25,2.801220708208552468e-25,2.801220708208552468e-25,2.801220708208552468e-25,2.801220708208552468e-25,2.801220708208552468e-25,2.801220708208552468e-25,2.801220708208552468e-25
inf,1.877714394082358568e-25,1.877714394082358568e-25,1.877714394082358568e-25,1.877714394082358568e-25,1.877714394082358568e-25,1.877714394082358568e-25,1.877714394082358568e-25,1.877714394082358568e-25
inf,1.258669599083062325e-25,1.258669599083062325e-25,1.258669599083062325e-25,1.258669599083062325e-25,1.258669599083062325e-25,1.258669599083062325e-25,1.258669599083062325e-25,1.258669599083062325e-25
inf,8.437114636010132047e-26,8.437114636010132047e-26,8.437114636010132047e-26,8.437114636010132047e-26,8.437114636010132047e-26,8.437114636010132047e-26,8.437114636010132047e-26,8.437114636010132047e-26
inf,5.655567071218325071e-26,5.655567071218325071e-26,5.655567071218325071e-26,5.655567071218325071e-26,5.655567071218325071e-26,5.655567071218325071e-26,5.655567071218325071e-26,5.655567071218325071e-26
inf,3.791039979536691680e-26,3.791039979536691680e-26,3.791039979536691680e-26,3.791039979536691680e-26,3.791039979536691680e-26,3.791039979536691680e-26,3.791039979536691680e-26,3.791039979536691680e-26
inf,2.541210093605988310e-26,2.541210093605988310e-26,2.541210093605988310e-26,2.541210093605988310e-26,2.541210093605988310e-26,2.541210093605988310e-26,2.541210093605988310e-26,2.541210093605988310e-26
inf,1.703424066932199589e-26,1.703424066932199589e-26,1.703424066932199589e-26,1.703424066932199589e-26,1.703424066932199589e-26,1.703424066932199589e-26,1.703424066932199589e-26,1.703424066932199589e-26
inf,1.141839298964209619e-26,1.141839298964209619e-26,1.141839298964209619e-26,1.141839298964209619e-26,1.141839298964209619e-26,1.141839298964209619e-26,1.141839298964209619e-26,1.141839298964209619e-26
inf,7.653977714469920482e-27,7.653977714469920482e-27,7.653977714469920482e-27,7.653977714469920482e-27,7.653977714469920482e-27,7.653977714469920482e-27,7.653977714469920482e-27,7.653977714469920482e-27
inf,5.130614693919205826e-27,5.130614693919205826e-27,5.130614693919205826e-27,5.130614693919205826e-27,5.130614693919205826e-27,5.130614693919205826e-27,5.130614693919205826e-27,5.130614693919205826e-27
inf,3.439153877819054276e-27,3.439153877819054276e-27,3.439153877819054276e-27,3.439153877819054276e-27,3.439153877819054276e-27,3.439153877819054276e-27,3.439153877819054276e-27,3.439153877819054276e-27
inf,2.305333785703319193e-27,2.305333785703319193e-27,2.305333785703319193e-27,2.305333785703319193e-27,2.305333785703319193e-27,2.305333785703319193e-27,2.305333785703319193e-27,2.305333785703319193e-27
inf,1.545311449360165816e-27,1.545311449360165816e-27,1.545311449360165816e-27,1.545311449360165816e-27,1.545311449360165816e-27,1.545311449360165816e-27,1.545311449360165816e-27,1.545311449360165816e-27
inf,1.035853241874508247e-27,1.035853241874508247e-27,1.035853241874508247e-27,1.035853241874508247e-27,1.035853241874508247e-27,1.035853241874508247e-27,1.035853241874508247e-27,1.035853241874508247e-27
inf,6.943531927794825669e-28,6.943531927794825669e-28,6.943531927794825669e-28,6.943531927794825669e-28,6.943531927794825669e-28,6.943531927794825669e-28,6.943531927794825669e-28,6.943531927794825669e-28
inf,4.654388641489366506e-28,4.654388641489366506e-28,4.654388641489366506e-28,4.654388641489366506e-28,4.654388641489366506e-28,4.654388641489366506e-28,4.654388641489366506e-28,4.654388641489366506e-28
inf,3.119930008430913015e-28,3.119930008430913015e-28,3.119930008430913015e-28,3.119930008430913015e-28,3.119930008430913015e-28,3.119930008430913015e-28,3.119930008430913015e-28,3.119930008430913015e-28
inf,2.091351626879385344e-28,2.091351626879385344e-28,2.091351626879385344e-28,2.091351626879385344e-28,2.091351626879385344e-28,2.091351626879385344e-28,2.091351626879385344e-28,2.091351626879385344e-28
inf,1.401874918806500581e-28,1.401874918806500581e-28,1.401874918806500581e-28,1.401874918806500581e-28,1.401874918806500581e-28,1.401874918806500581e-28,1.401874918806500581e-28,1.401874918806500581e-28
inf,9.397048601105762858e-29,9.397048601105762858e-29,9.397048601105762858e-29,9.397048601105762858e-29,9.397048601105762858e-29,9.397048601105762858e-29,9.397048601105762858e-29,9.397048601105762858e-29
inf,6.299030050892363184e-29,6.299030050892363184e-29,6.299030050892363184e-29,6.299030050892363184e-29,6.299030050892363184e-29,6.299030050892363184e-29,6.299030050892363184e-29,6.299030050892363184e-29
inf,4.222366113694050886e-29,4.222366113694050886e-29,4.222366113694050886e-29,4.222366113694050886e-29,4.222366113694050886e-29,4.222366113694050886e-29,4.222366113694050886e-29,4.222366113694050886e-29
inf,2.830336647710723414e-29,2.830336647710723414e-29,2.830336647710723414e-29,2.830336647710723414e-29,2.830336647710723414e-29,2.830336647710723414e-29,2.830336647710723414e-29,2.830336647710723414e-29
inf,1.897231391989811641e-29,1.897231391989811641e-29,1.897231391989811641e-29,1.897231391989811641e-29,1.897231391989811641e-29,1.897231391989811641e-29,1.897231391989811641e-29,1.897231391989811641e-29
inf,1.271752234018863450e-29,1.271752234018863450e-29,1.271752234018863450e-29,1.271752234018863450e-29,1.271752234018863450e-29,1.271752234018863450e-29,1.271752234018863450e-29,1.271752234018863450e-29
inf,8.524810160534529022e-30,8.524810160534529022e-30,8.524810160534529022e-30,8.524810160534529022e-30,8.524810160534529022e-30,8.524810160534529022e-30,8.524810160534529022e-30,8.524810160534529022e-30
inf,5.714351139254598528e-30,5.714351139254598528e-30,5.714351139254598528e-30,5.714351139254598528e-30,5.714351139254598528e-30,5.714351139254598528e-30,5.714351139254598528e-30,5.714351139254598528e-30
inf,3.830444118728955790e-30,3.830444118728955790e-30,3.830444118728955790e-30,3.830444118728955790e-30,3.830444118728955790e-30,3.830444118728955790e-30,3.830444118728955790e-30,3.830444118728955790e-30
inf,2.567623478003341087e-30,2.567623478003341087e-30,2.567623478003341087e-30,2.567623478003341087e-30,2.567623478003341087e-30,2.567623478003341087e-30,2.567623478003341087e-30,2.567623478003341087e-30
inf,1.721129487977378443e-30,1.721129487977378443e-30,1.721129487977378443e-30,1.721129487977378443e-30,1.721129487977378443e-30,1.721129487977378443e-30,1.721129487977378443e-30,1.721129487977378443e-30
inf,1.153707597614294108e-30,1.153707597614294108e-30,1.153707597614294108e-30,1.153707597614294108e-30,1.153707597614294108e-30,1.153707597614294108e-30,1.153707597614294108e-30,1.153707597614294108e-30
inf,7.733533299444815814e-31,7.733533299444815814e-31,7.733533299444815814e-31,7.733533299444815814e-31,7.733533299444815814e-31,7.733533299444815814e-31,7.733533299444815814e-31,7.733533299444815814e-31
inf,5.183942397302005686e-31,5.183942397302005686e-31,5.183942397302005686e-31,5.183942397302005686e-31,5.183942397302005686e-31,5.183942397302005686e-31,5.183942397302005686e-31,5.183942397302005686e-31
inf,3.474900506405587886e-31,3.474900506405587886e-31,3.474900506405587886e-31,3.474900506405587886e-31,3.474900506405587886e-31,3.474900506405587886e-31,3.474900506405587886e-31,3.474900506405587886e-31
inf,2.329295467423046706e-31,2.329295467423046706e-31,2.329295467423046706e-31,2.329295467423046706e-31,2.329295467423046706e-31,2.329295467423046706e-31,2.329295467423046706e-31,2.329295467423046706e-31
inf,1.561373444953624893e-31,1.561373444953624893e-31,1.561373444953624893e-31,1.561373444953624893e-31,1.561373444953624893e-31,1.561373444953624893e-31,1.561373444953624893e-31,1.561373444953624893e-31
inf,1.046619919500139933e-31,1.046619919500139933e-31,1.046619919500139933e-31,1.046619919500139933e-31,1.046619919500139933e-31,1.046619919500139933e-31,1.046619919500139933e-31,1.046619919500139933e-31
inf,7.015703126211518682e-32,7.015703126211518682e-32,7.015703126211518682e-32,7.015703126211518682e-32,7.015703126211518682e-32,7.015703126211518682e-32,7.015703126211518682e-32,7.015703126211518682e-32
inf,4.702766442534490887e-32,4.702766442534490887e-32,4.702766442534490887e-32,4.702766442534490887e-32,4.702766442534490887e-32,4.702766442534490887e-32,4.702766442534490887e-32,4.702766442534490887e-32
inf,3.152358618254561787e-32,3.152358618254561787e-32,3.152358618254561787e-32,3.152358618254561787e-32,3.152358618254561787e-32,3.152358618254561787e-32,3.152358618254561787e-32,3.152358618254561787e-32
inf,2.113089174109245165e-32,2.113089174109245165e-32,2.113089174109245165e-32,2.113089174109245165e-32,2.113089174109245165e-32,2.113089174109245165e-32,2.113089174109245165e-32,2.113089174109245165e-32
inf,1.416446032466322222e-32,1.416446032466322222e-32,1.416446032466322222e-32,1.416446032466322222e-32,1.416446032466322222e-32,1.416446032466322222e-32,1.416446032466322222e-32,1.416446032466322222e-32
inf,9.494721696898250469e-33,9.494721696898250469e-33,9.494721696898250469e-33,9.494721696898250469e-33,9.494721696898250469e-33,9.494721696898250469e-33,9.494721696898250469e-33,9.494721696898250469e-33
inf,6.364502284960429108e-33,6.364502284960429108e-33,6.364502284960429108e-33,6.364502284960429108e-33,6.364502284960429108e-33,6.364502284960429108e-33,6.364502284960429108e-33,6.364502284960429108e-33
inf,4.266253464648580670e-33,4.266253464648580670e-33,4.266253464648580670e-33,4.266253464648580670e-33,4.266253464648580670e-33,4.266253464648580670e-33,4.266253464648580670e-33,4.266253464648580670e-33
inf,2.859755218822946247e-33,2.859755218822946247e-33,2.859755218822946247e-33,2.859755218822946247e-33,2.859755218822946247e-33,2.859755218822946247e-33,2.859755218822946247e-33,2.859755218822946247e-33
inf,1.916951249932059937e-33,1.916951249932059937e-33,1.916951249932059937e-33,1.916951249932059937e-33,1.916951249932059937e-33,1.916951249932059937e-33,1.916951249932059937e-33,1.916951249932059937e-33
inf,1.284970850102536625e-33,1.284970850102536625e-33,1.284970850102536625e-33,1.284970850102536625e-33,1.284970850102536625e-33,1.284970850102536625e-33,1.284970850102536625e-33,1.284970850102536625e-33
inf,8.613417193951880681e-34,8.613417193951880681e-34,8.613417193951880681e-34,8.613417193951880681e-34,8.613417193951880681e-34,8.613417193951880681e-34,8.613417193951880681e-34,8.613417193951880681e-34
inf,5.773746209973958982e-34,5.773746209973958982e-34,5.773746209973958982e-34,5.773746209973958982e-34,5.773746209973958982e-34,5.773746209973958982e-34,5.773746209973958982e-34,5.773746209973958982e-34
inf,3.870257825267848394e-34,3.870257825267848394e-34,3.870257825267848394e-34,3.870257825267848394e-34,3.870257825267848394e-34,3.870257825267848394e-34,3.870257825267848394e-34,3.870257825267848394e-34
inf,2.594311403603340891e-34,2.594311403603340891e-34,2.594311403603340891e-34,2.594311403603340891e-34,2.594311403603340891e-34,2.594311403603340891e-34,2.594311403603340891e-34,2.594311403603340891e-34
inf,1.739018939494178015e-34,1.739018939494178015e-34,1.739018939494178015e-34,1.739018939494178015e-34,1.739018939494178015e-34,1.739018939494178015e-34,1.739018939494178015e-34,1.739018939494178015e-34
inf,1.165699255578587509e-34,1.165699255578587509e-34,1.165699255578587509e-34,1.165699255578587509e-34,1.165699255578587509e-34,1.165699255578587509e-34,1.165699255578587509e-34,1.165699255578587509e-34
inf,7.813915786631448040e-35,7.813915786631448040e-35,7.813915786631448040e-35,7.813915786631448040e-35,7.813915786631448040e-35,7.813915786631448040e-35,7.813915786631448040e-35,7.813915786631448040e-35
inf,5.237824389813408741e-35,5.237824389813408741e-35,5.237824389813408741e-35,5.237824389813408741e-35,5.237824389813408741e-35,5.237824389813408741e-35,5.237824389813408741e-35,5.237824389813408741e-35
inf,3.511018686106323650e-35,3.511018686106323650e-35,3.511018686106323650e-35,3.511018686106323650e-35,3.511018686106323650e-35,3.511018686106323650e-35,3.511018686106323650e-35,3.511018686106323650e-35
inf,2.353506207302783909e-35,2.353506207302783909e-35,2.353506207302783909e-35,2.353506207302783909e-35,2.353506207302783909e-35,2.353506207302783909e-35,2.353506207302783909e-35,2.353506207302783909e-35
inf,1.577602389224367182e-35,1.577602389224367182e-35,1.577602389224367182e-35,1.577602389224367182e-35,1.577602389224367182e-35,1.577602389224367182e-35,1.577602389224367182e-35,1.577602389224367182e-35
inf,1.057498506170806322e-35,1.057498506170806322e-35,1.057498506170806322e-35,1.057498506170806322e-35,1.057498506170806322e-35,1.057498506170806322e-35,1.057498506170806322e-35,1.057498506170806322e-35
inf,7.088624473390356860e-36,7.088624473390356860e-36,7.088624473390356860e-36,7.088624473390356860e-36,7.088624473390356860e-36,7.088624473390356860e-36,7.088624473390356860e-36,7.088624473390356860e-36
inf,4.751647083332390788e-36,4.751647083332390788e-36,4.751647083332390788e-36,4.751647083332390788e-36,4.751647083332390788e-36,4.751647083332390788e-36,4.751647083332390788e-36,4.751647083332390788e-36
inf,3.185124291644483326e-36,3.185124291644483326e-36,3.185124291644483326e-36,3.185124291644483326e-36,3.185124291644483326e-36,3.185124291644483326e-36,3.185124291644483326e-36,3.185124291644483326e-36
inf,2.135052661804366173e-36,2.135052661804366173e-36,2.135052661804366173e-36,2.135052661804366173e-36,2.135052661804366173e-36,2.135052661804366173e-36,2.135052661804366173e-36,2.135052661804366173e-36
inf,1.431168598549209022e-36,1.431168598549209022e-36,1.431168598549209022e-36,1.431168598549209022e-36,1.431168598549209022e-36,1.431168598549209022e-36,1.431168598549209022e-36,1.431168598549209022e-36
inf,9.593410008642683945e-37,9.593410008642683945e-37,9.593410008642683945e-37,9.593410008642683945e-37,9.593410008642683945e-37,9.593410008642683945e-37,9.593410008642683945e-37,9.593410008642683945e-37
inf,6.430655038632136920e-37,6.430655038632136920e-37,6.430655038632136920e-37,6.430655038632136920e-37,6.430655038632136920e-37,6.430655038632136920e-37,6.430655038632136920e-37,6.430655038632136920e-37
inf,4.310596981535215757e-37,4.310596981535215757e-37,4.310596981535215757e-37,4.310596981535215757e-37,4.310596981535215757e-37,4.310596981535215757e-37,4.310596981535215757e-37,4.310596981535215757e-37
inf,2.889479567103777827e-37,2.889479567103777827e-37,2.889479567103777827e-37,2.889479567103777827e-37,2.889479567103777827e-37,2.889479567103777827e-37,2.889479567103777827e-37,2.889479567103777827e-37
inf,1.936876076440032097e-37,1.936876076440032097e-37,1.936876076440032097e-37,1.936876076440032097e-37,1.936876076440032097e-37,1.936876076440032097e-37,1.936876076440032097e-37,1.936876076440032097e-37
inf,1.298326860724612847e-37,1.298326860724612847e-37,1.298326860724612847e-37,1.298326860724612847e-37,1.298326860724612847e-37,1.298326860724612847e-37,1.298326860724612847e-37,1.298326860724612847e-37
inf,8.702945210502307829e-38,8.702945210502307829e-38,8.702945210502307829e-38,8.702945210502307829e-38,8.702945210502307829e-38,8.702945210502307829e-38,8.702945210502307829e-38,8.702945210502307829e-38
inf,5.833758634149561699e-38,5.833758634149561699e-38,5.833758634149561699e-38,5.833758634149561699e-38,5.833758634149561699e-38,5.833758634149561699e-38,5.833758634149561699e-38,5.833758634149561699e-38
inf,3.910485356203919719e-38,3.910485356203919719e-38,3.910485356203919719e-38,3.910485356203919719e-38,3.910485356203919719e-38,3.910485356203919719e-38,3.910485356203919719e-38,3.910485356203919719e-38
inf,2.621276723992308186e-38,2.621276723992308186e-38,2.621276723992308186e-38,2.621276723992308186e-38,2.621276723992308186e-38,2.621276723992308186e-38,2.621276723992308186e-38,2.621276723992308186e-38
inf,1.757094334298675997e-38,1.757094334298675997e-38,1.757094334298675997e-38,1.757094334298675997e-38,1.757094334298675997e-38,1.757094334298675997e-38,1.757094334298675997e-38,1.757094334298675997e-38
inf,1.177815555056051017e-38,1.177815555056051017e-38,1.177815555056051017e-38,1.177815555056051017e-38,1.177815555056051017e-38,1.177815555056051017e-38,1.177815555056051017e-38,1.177815555056051017e-38
inf,7.895133770866651679e-39,7.895133770866651679e-39,7.895133770866651679e-39,7.895133770866651679e-39,7.895133770866651679e-39,7.895133770866651679e-39,7.895133770866651679e-39,7.895133770866651679e-39
inf,5.292266432744831649e-39,5.292266432744831649e-39,5.292266432744831649e-39,5.292266432744831649e-39,5.292266432744831649e-39,5.292266432744831649e-39,5.292266432744831649e-39,5.292266432744831649e-39
inf,3.547512278830387097e-39,3.547512278830387097e-39,3.547512278830387097e-39,3.547512278830387097e-39,3.547512278830387097e-39,3.547512278830387097e-39,3.547512278830387097e-39,3.547512278830387097e-39
inf,2.377968594057582699e-39,2.377968594057582699e-39,2.377968594057582699e-39,2.377968594057582699e-39,2.377968594057582699e-39,2.377968594057582699e-39,2.377968594057582699e-39,2.377968594057582699e-39
inf,1.594000017439983313e-39,1.594000017439983313e-39,1.594000017439983313e-39,1.594000017439983313e-39,1.594000017439983313e-39,1.594000017439983313e-39,1.594000017439983313e-39,1.594000017439983313e-39
inf,1.068490165071178785e-39,1.068490165071178785e-39,1.068490165071178785e-39,1.068490165071178785e-39,1.068490165071178785e-39,1.068490165071178785e-39,1.068490165071178785e-39,1.068490165071178785e-39
inf,7.162303766391344420e-40,7.162303766391344420e-40,7.162303766391344420e-40,7.162303766391344420e-40,7.162303766391344420e-40,7.162303766391344420e-40,7.162303766391344420e-40,7.162303766391344420e-40
inf,4.801035790408665137e-40,4.801035790408665137e-40,4.801035790408665137e-40,4.801035790408665137e-40,4.801035790408665137e-40,4.801035790408665137e-40,4.801035790408665137e-40,4.801035790408665137e-40
inf,3.218230532045473792e-40,3.218230532045473792e-40,3.218230532045473792e-40,3.218230532045473792e-40,3.218230532045473792e-40,3.218230532045473792e-40,3.218230532045473792e-40,3.218230532045473792e-40
inf,2.157244438394004527e-40,2.157244438394004527e-40,2.157244438394004527e-40,2.157244438394004527e-40,2.157244438394004527e-40,2.157244438394004527e-40,2.157244438394004527e-40,2.157244438394004527e-40
inf,1.446044191254372596e-40,1.446044191254372596e-40,1.446044191254372596e-40,1.446044191254372596e-40,1.446044191254372596e-40,1.446044191254372596e-40,1.446044191254372596e-40,1.446044191254372596e-40
inf,9.693124088511813450e-41,9.693124088511813450e-41,9.693124088511813450e-41,9.693124088511813450e-41,9.693124088511813450e-41,9.693124088511813450e-41,9.693124088511813450e-41,9.693124088511813450e-41
inf,6.497495385240189599e-41,6.497495385240189599e-41,6.497495385240189599e-41,6.497495385240189599e-41,6.497495385240189599e-41,6.497495385240189599e-41,6.497495385240189599e-41,6.497495385240189599e-41
inf,4.355401405750363174e-41,4.355401405750363174e-41,4.355401405750363174e-41,4.355401405750363174e-41,4.355401405750363174e-41,4.355401405750363174e-41,4.355401405750363174e-41,4.355401405750363174e-41
inf,2.919512870806074921e-41,2.919512870806074921e-41,2.919512870806074921e-41,2.919512870806074921e-41,2.919512870806074921e-41,2.919512870806074921e-41,2.919512870806074921e-41,2.919512870806074921e-41
inf,1.957008001960165307e-41,1.957008001960165307e-41,1.957008001960165307e-41,1.957008001960165307e-41,1.957008001960165307e-41,1.957008001960165307e-41,1.957008001960165307e-41,1.957008001960165307e-41
inf,1.311821693965853906e-41,1.311821693965853906e-41,1.311821693965853906e-41,1.311821693965853906e-41,1.311821693965853906e-41,1.311821693965853906e-41,1.311821693965853906e-41,1.311821693965853906e-41
inf,8.793403782895390003e-42,8.793403782895390003e-42,8.793403782895390003e-42,8.793403782895390003e-42,8.793403782895390003e-42,8.793403782895390003e-42,8.793403782895390003e-42,8.793403782895390003e-42
inf,5.894394828558407442e-42,5.894394828558407442e-42,5.894394828558407442e-42,5.894394828558407442e-42,5.894394828558407442e-42,5.894394828558407442e-42,5.894394828558407442e-42,5.894394828558407442e-42
inf,3.951131012829506362e-42,3.951131012829506362e-42,3.951131012829506362e-42,3.951131012829506362e-42,3.951131012829506362e-42,3.951131012829506362e-42,3.951131012829506362e-42,3.951131012829506362e-42
inf,2.648522322410707171e-42,2.648522322410707171e-42,2.648522322410707171e-42,2.648522322410707171e-42,2.648522322410707171e-42,2.648522322410707171e-42,2.648522322410707171e-42,2.648522322410707171e-42
inf,1.775357605082761553e-42,1.775357605082761553e-42,1.775357605082761553e-42,1.775357605082761553e-42,1.775357605082761553e-42,1.775357605082761553e-42,1.775357605082761553e-42,1.775357605082761553e-42
inf,1.190057791566792018e-42,1.190057791566792018e-42,1.190057791566792018e-42,1.190057791566792018e-42,1.190057791566792018e-42,1.190057791566792018e-42,1.190057791566792018e-42,1.190057791566792018e-42
inf,7.977195936261199020e-43,7.977195936261199020e-43,7.977195936261199020e-43,7.977195936261199020e-43,7.977195936261199020e-43,7.977195936261199020e-43,7.977195936261199020e-43,7.977195936261199020e-43
inf,5.347274347209884256e-43,5.347274347209884256e-43,5.347274347209884256e-43,5.347274347209884256e-43,5.347274347209884256e-43,5.347274347209884256e-43,5.347274347209884256e-43,5.347274347209884256e-43
inf,3.584385186566869813e-43,3.584385186566869813e-43,3.584385186566869813e-43,3.584385186566869813e-43,3.584385186566869813e-43,3.584385186566869813e-43,3.584385186566869813e-43,3.584385186566869813e-43
inf,2.402685243248926781e-43,2.402685243248926781e-43,2.402685243248926781e-43,2.402685243248926781e-43,2.402685243248926781e-43,2.402685243248926781e-43,2.402685243248926781e-43,2.402685243248926781e-43
inf,1.610568082843723108e-43,1.610568082843723108e-43,1.610568082843723108e-43,1.610568082843723108e-43,1.610568082843723108e-43,1.610568082843723108e-43,1.610568082843723108e-43,1.610568082843723108e-43
inf,1.079596071415292422e-43,1.079596071415292422e-43,1.079596071415292422e-43,1.079596071415292422e-43,1.079596071415292422e-43,1.079596071415292422e-43,1.079596071415292422e-43,1.079596071415292422e-43
inf,7.236748882709503897e-44,7.236748882709503897e-44,7.236748882709503897e-44,7.236748882709503897e-44,7.236748882709503897e-44,7.236748882709503897e-44,7.236748882709503897e-44,7.236748882709503897e-44
inf,4.850937844005736335e-44,4.850937844005736335e-44,4.850937844005736335e-44,4.850937844005736335e-44,4.850937844005736335e-44,4.850937844005736335e-44,4.850937844005736335e-44,4.850937844005736335e-44
inf,3.251680878709505662e-44,3.251680878709505662e-44,3.251680878709505662e-44,3.251680878709505662e-44,3.251680878709505662e-44,3.251680878709505662e-44,3.251680878709505662e-44,3.251680878709505662e-44
inf,2.179666876109310332e-44,2.179666876109310332e-44,2.179666876109310332e-44,2.179666876109310332e-44,2.179666876109310332e-44,2.179666876109310332e-44,2.179666876109310332e-44,2.179666876109310332e-44
inf,1.461074400535503868e-44,1.461074400535503868e-44,1.461074400535503868e-44,1.461074400535503868e-44,1.461074400535503868e-44,1.461074400535503868e-44,1.461074400535503868e-44,1.461074400535503868e-44
inf,9.793874592280052908e-45,9.793874592280052908e-45,9.793874592280052908e-45,9.793874592280052908e-45,9.793874592280052908e-45,9.793874592280052908e-45,9.793874592280052908e-45,9.793874592280052908e-45
inf,6.565030465559938508e-45,6.565030465559938508e-45,6.565030465559938508e-45,6.565030465559938508e-45,6.565030465559938508e-45,6.565030465559938508e-45,6.565030465559938508e-45,6.565030465559938508e-45
inf,4.400671521895028250e-45,4.400671521895028250e-45,4.400671521895028250e-45,4.400671521895028250e-45,4.400671521895028250e-45,4.400671521895028250e-45,4.400671521895028250e-45,4.400671521895028250e-45
inf,2.949858335139904981e-45,2.949858335139904981e-45,2.949858335139904981e-45,2.949858335139904981e-45,2.949858335139904981e-45,2.949858335139904981e-45,2.949858335139904981e-45,2.949858335139904981e-45
inf,1.977349173005107652e-45,1.977349173005107652e-45,1.977349173005107652e-45,1.977349173005107652e-45,1.977349173005107652e-45,1.977349173005107652e-45,1.977349173005107652e-45,1.977349173005107652e-45
inf,1.325456786672827899e-45,1.325456786672827899e-45,1.325456786672827899e-45,1.325456786672827899e-45,1.325456786672827899e-45,1.325456786672827899e-45,1.325456786672827899e-45,1.325456786672827899e-45
inf,8.884802522562878315e-46,8.884802522562878315e-46,8.884802522562878315e-46,8.884802522562878315e-46,8.884802522562878315e-46,8.884802522562878315e-46,8.884802522562878315e-46,8.884802522562878315e-46
inf,5.955661215897013862e-46,5.955661215897013862e-46,5.955661215897013862e-46,5.955661215897013862e-46,5.955661215897013862e-46,5.955661215897013862e-46,5.955661215897013862e-46,5.955661215897013862e-46
inf,3.992199080367842271e-46,3.992199080367842271e-46,3.992199080367842271e-46,3.992199080367842271e-46,3.992199080367842271e-46,3.992199080367842271e-46,3.992199080367842271e-46,3.992199080367842271e-46
inf,2.676051051290704771e-46,2.676051051290704771e-46,2.676051051290704771e-46,2.676051051290704771e-46,2.676051051290704771e-46,2.676051051290704771e-46,2.676051051290704771e-46,2.676051051290704771e-46
inf,1.793810643849994311e-46,1.793810643849994311e-46,1.793810643849994311e-46,1.793810643849994311e-46,1.793810643849994311e-46,1.793810643849994311e-46,1.793810643849994311e-46,1.793810643849994311e-46
inf,1.202427213319841857e-46,1.202427213319841857e-46,1.202427213319841857e-46,1.202427213319841857e-46,1.202427213319841857e-46,1.202427213319841857e-46,1.202427213319841857e-46,1.202427213319841857e-46
inf,8.060110449421551267e-47,8.060110449421551267e-47,8.060110449421551267e-47,8.060110449421551267e-47,8.060110449421551267e-47,8.060110449421551267e-47,8.060110449421551267e-47,8.060110449421551267e-47
inf,5.402853407059502200e-47,5.402853407059502200e-47,5.402853407059502200e-47,5.402853407059502200e-47,5.402853407059502200e-47,5.402853407059502200e-47,5.402853407059502200e-47,5.402853407059502200e-47
inf,3.621640744094863975e-47,3.621640744094863975e-47,3.621640744094863975e-47,3.621640744094863975e-47,3.621640744094863975e-47,3.621640744094863975e-47,3.621640744094863975e-47,3.621640744094863975e-47
inf,2.427658189857136641e-47,2.427658189857136641e-47,2.427658189857136641e-47,2.427658189857136641e-47,2.427658189857136641e-47,2.427658189857136641e-47,2.427658189857136641e-47,2.427658189857136641e-47
inf,1.627307749134754003e-47,1.627307749134754003e-47,1.627307749134754003e-47,1.627307749134754003e-47,1.627307749134754003e-47,1.627307749134754003e-47,1.627307749134754003e-47,1.627307749134754003e-47
inf,1.090816804865082152e-47,1.090816804865082152e-47,1.090816804865082152e-47,1.090816804865082152e-47,1.090816804865082152e-47,1.090816804865082152e-47,1.090816804865082152e-47,1.090816804865082152e-47
inf,7.311961704045323844e-48,7.311961704045323844e-48,7.311961704045323844e-48,7.311961704045323844e-48,7.311961704045323844e-48,7.311961704045323844e-48,7.311961704045323844e-48,7.311961704045323844e-48
inf,4.901352501575717582e-48,4.901352501575717582e-48,4.901352501575717582e-48,4.901352501575717582e-48,4.901352501575717582e-48,4.901352501575717582e-48,4.901352501575717582e-48,4.901352501575717582e-48
inf,3.285472830002346372e-48,3.285472830002346372e-48,3.285472830002346372e-48,3.285472830002346372e-48,3.285472830002346372e-48,3.285472830002346372e-48,3.285472830002346372e-48,3.285472830002346372e-48
inf,2.202316294165232263e-48,2.202316294165232263e-48,2.202316294165232263e-48,2.202316294165232263e-48,2.202316294165232263e-48,2.202316294165232263e-48,2.202316294165232263e-48,2.202316294165232263e-48
inf,1.476254755199093960e-48,1.476254755199093960e-48,1.476254755199093960e-48,1.476254755199093960e-48,1.476254755199093960e-48,1.476254755199093960e-48,1.476254755199093960e-48,1.476254755199093960e-48
inf,9.895611509746052798e-49,9.895611509746052798e-49,9.895611509746052798e-49,9.895611509746052798e-49,9.895611509746052798e-49,9.895611509746052798e-49,9.895611509746052798e-49,9.895611509746052798e-49
inf,6.633206717855962111e-49,6.633206717855962111e-49,6.633206717855962111e-49,6.633206717855962111e-49,6.633206717855962111e-49,6.633206717855962111e-49,6.633206717855962111e-49,6.633206717855962111e-49
inf,4.446351387569296211e-49,4.446351387569296211e-49,4.446351387569296211e-49,4.446351387569296211e-49,4.446351387569296211e-49,4.446351387569296211e-49,4.446351387569296211e-49,4.446351387569296211e-49
inf,2.980458421898253665e-49,2.980458421898253665e-49,2.980458421898253665e-49,2.980458421898253665e-49,2.980458421898253665e-49,2.980458421898253665e-49,2.980458421898253665e-49,2.980458421898253665e-49
inf,1.997840981666322061e-49,1.997840981666322061e-49,1.997840981666322061e-49,1.997840981666322061e-49,1.997840981666322061e-49,1.997840981666322061e-49,1.997840981666322061e-49,1.997840981666322061e-49
inf,1.339172813894631454e-49,1.339172813894631454e-49,1.339172813894631454e-49,1.339172813894631454e-49,1.339172813894631454e-49,1.339172813894631454e-49,1.339172813894631454e-49,1.339172813894631454e-49
inf,8.976543373517034360e-50,8.976543373517034360e-50,8.976543373517034360e-50,8.976543373517034360e-50,8.976543373517034360e-50,8.976543373517034360e-50,8.976543373517034360e-50,8.976543373517034360e-50
inf,6.016956518298609396e-50,6.016956518298609396e-50,6.016956518298609396e-50,6.016956518298609396e-50,6.016956518298609396e-50,6.016956518298609396e-50,6.016956518298609396e-50,6.016956518298609396e-50
inf,4.033086121262123042e-50,4.033086121262123042e-50,4.033086121262123042e-50,4.033086121262123042e-50,4.033086121262123042e-50,4.033086121262123042e-50,4.033086121262123042e-50,4.033086121262123042e-50
inf,2.703258025391884881e-50,2.703258025391884881e-50,2.703258025391884881e-50,2.703258025391884881e-50,2.703258025391884881e-50,2.703258025391884881e-50,2.703258025391884881e-50,2.703258025391884881e-50
inf,1.811847594948659831e-50,1.811847594948659831e-50,1.811847594948659831e-50,1.811847594948659831e-50,1.811847594948659831e-50,1.811847594948659831e-50,1.811847594948659831e-50,1.811847594948659831e-50
inf,1.214317314177309870e-50,1.214317314177309870e-50,1.214317314177309870e-50,1.214317314177309870e-50,1.214317314177309870e-50,1.214317314177309870e-50,1.214317314177309870e-50,1.214317314177309870e-50
inf,8.137807888629689265e-51,8.137807888629689265e-51,8.137807888629689265e-51,8.137807888629689265e-51,8.137807888629689265e-51,8.137807888629689265e-51,8.137807888629689265e-51,8.137807888629689265e-51
inf,5.452931267753055884e-51,5.452931267753055884e-51,5.452931267753055884e-51,5.452931267753055884e-51,5.452931267753055884e-51,5.452931267753055884e-51,5.452931267753055884e-51,5.452931267753055884e-51
inf,3.653204647647015540e-51,3.653204647647015540e-51,3.653204647647015540e-51,3.653204647647015540e-51,3.653204647647015540e-51,3.653204647647015540e-51,3.653204647647015540e-51,3.653204647647015540e-51
inf,2.446811816805969083e-51,2.446811816805969083e-51,2.446811816805969083e-51,2.446811816805969083e-51,2.446811816805969083e-51,2.446811816805969083e-51,2.446811816805969083e-51,2.446811816805969083e-51
inf,1.638142518899535572e-51,1.638142518899535572e-51,1.638142518899535572e-51,1.638142518899535572e-51,1.638142518899535572e-51,1.638142518899535572e-51,1.638142518899535572e-51,1.638142518899535572e-51
inf,1.096075277899285595e-51,1.096075277899285595e-51,1.096075277899285595e-51,1.096075277899285595e-51,1.096075277899285595e-51,1.096075277899285595e-51,1.096075277899285595e-51,1.096075277899285595e-51
inf,7.327167399575867900e-52,7.327167399575867900e-52,7.327167399575867900e-52,7.327167399575867900e-52,7.327167399575867900e-52,7.327167399575867900e-52,7.327167399575867900e-52,7.327167399575867900e-52
inf,4.891502280770641151e-52,4.891502280770641151e-52,4.891502280770641151e-52,4.891502280770641151e-52,4.891502280770641151e-52,4.891502280770641151e-52,4.891502280770641151e-52,4.891502280770641151e-52
inf,3.258827126205721546e-52,3.258827126205721546e-52,3.258827126205721546e-52,3.258827126205721546e-52,3.258827126205721546e-52,3.258827126205721546e-52,3.258827126205721546e-52,3.258827126205721546e-52
inf,2.164412241436521362e-52,2.164412241436521362e-52,2.164412241436521362e-52,2.164412241436521362e-52,2.164412241436521362e-52,2.164412241436521362e-52,2.164412241436521362e-52,2.164412241436521362e-52
inf,1.430804005495942103e-52,1.430804005495942103e-52,1.430804005495942103e-52,1.430804005495942103e-52,1.430804005495942103e-52,1.430804005495942103e-52,1.430804005495942103e-52,1.430804005495942103e-52
inf,9.390516990081286960e-53,9.390516990081286960e-53,9.390516990081286960e-53,9.390516990081286960e-53,9.390516990081286960e-53,9.390516990081286960e-53,9.390516990081286960e-53,9.390516990081286960e-53
inf,6.094202702850859484e-53,6.094202702850859484e-53,6.094202702850859484e-53,6.094202702850859484e-53,6.094202702850859484e-53,6.094202702850859484e-53,6.094202702850859484e-53,6.094202702850859484e-53
inf,3.884617158086620987e-53,3.884617158086620987e-53,3.884617158086620987e-53,3.884617158086620987e-53,3.884617158086620987e-53,3.884617158086620987e-53,3.884617158086620987e-53,3.884617158086620987e-53
inf,2.403487674000575634e-53,2.403487674000575634e-53,2.403487674000575634e-53,2.403487674000575634e-53,2.403487674000575634e-53,2.403487674000575634e-53,2.403487674000575634e-53,2.403487674000575634e-53
inf,1.410656890043274411e-53,1.410656890043274411e-53,1.410656890043274411e-53,1.410656890043274411e-53,1.410656890043274411e-53,1.410656890043274411e-53,1.410656890043274411e-53,1.410656890043274411e-53
inf,7.451425132354161589e-54,7.451425132354161589e-54,7.451425132354161589e-54,7.451425132354161589e-54,7.451425132354161589e-54,7.451425132354161589e-54,7.451425132354161589e-54,7.451425132354161589e-54
inf,2.990348855361930521e-54,2.990348855361930521e-54,2.990348855361930521e-54,2.990348855361930521e-54,2.990348855361930521e-54,2.990348855361930521e-54,2.990348855361930521e-54,2.990348855361930521e-54
nan,0.000000000000000000e+00,0.000000000000000000e+00,0.000000000000000000e+00,0.000000000000000000e+00,0.000000000000000000e+00,0.000000000000000000e+00,0.000000000000000000e+00,0.000000000000000000e+00
